error_type,source1_id,candidate_id,s1_name,cand_name,s1_address,cand_address,error_category
FALSE_MERGE (FP),S1-925783039,S3-376651486,Orelee's Barbershop,"Jonis R. Magana,","1795 Westchester Drive, High Point, NC","New York, Riverhead, 1795 Main Rd",Near-Duplicate Name / Brand Cousin
FALSE_MERGE (FP),S1-925783039,S2-62226755,Orelee's Barbershop,Prather  Jewelers,"1795 Westchester Drive, High Point, NC","1795 E RIVER RD, FORK UNIOON, VA",Near-Duplicate Name / Brand Cousin
FALSE_MERGE (FP),S1-925783039,S2-913121485,Orelee's Barbershop,Fenet Inc,"1795 Westchester Drive, High Point, NC","1795 CENTER RD, BUFFALO CITY, NY",Near-Duplicate Name / Brand Cousin
FALSE_MERGE (FP),S1-925783039,S3-20318007,Orelee's Barbershop,Economic Development Gúild IV,"1795 Westchester Drive, High Point, NC","1795-1797 Crowne Dr, # Apt 207, Fayetteville, Arkansas",Near-Duplicate Name / Brand Cousin
FALSE_MERGE (FP),S1-925783039,S3-573472427,Orelee's Barbershop,Office of Motor,"1795 Westchester Drive, High Point, NC","Click Street, PMB 1795, Weebr CITY, Virginia",Near-Duplicate Name / Brand Cousin
FALSE_MERGE (FP),S1-925783039,S3-605007294,Orelee's Barbershop,Monrifty  Ses LLC,"1795 Westchester Drive, High Point, NC","1795-1799 Mt Springs Road, Cabot, Arkansas",Near-Duplicate Name / Brand Cousin
FALSE_MERGE (FP),S1-925783039,S2-362279290,Orelee's Barbershop,"Jonis R. Magana, D.C.","1795 Westchester Drive, High Point, NC","JAMESPORT, NY, 1795-D MAIN RD",Near-Duplicate Name / Brand Cousin
FALSE_MERGE (FP),S1-925783039,S2-266142020,Orelee's Barbershop,MONTIFY SES  LLC,"1795 Westchester Drive, High Point, NC","##1795 MT SPRINGS RD, CABOT, AR",Near-Duplicate Name / Brand Cousin
FALSE_MERGE (FP),S1-925783039,S3-582934402,Orelee's Barbershop,"jonis r. magana, d.c.","1795 Westchester Drive, High Point, NC","1795 Main Road, Riverhead, New York",Near-Duplicate Name / Brand Cousin
FALSE_MERGE (FP),S1-925783039,S2-868914640,Orelee's Barbershop,North Prairie Bruetndhc,"1795 Westchester Drive, High Point, NC","1795 1440, OGDEN CITY, UT",Near-Duplicate Name / Brand Cousin
FALSE_MERGE (FP),S1-377745466,S3-237773836,B+ Retail Inc,Bright (Pilates),"1712 Montebello Avenue, Phoenix, AZ","1712-A Edinburg Ct, ALLN, Texas",Near-Duplicate Name / Brand Cousin
FALSE_MERGE (FP),S1-377745466,S2-954237935,B+ Retail Inc,Hernandez Airport-Legacy Corp,"1712 Montebello Avenue, Phoenix, AZ","1712 HOLLOW OAK COURT, BLACKSBURG TOWN, VA",Near-Duplicate Name / Brand Cousin
FALSE_MERGE (FP),S1-377745466,S2-210403389,B+ Retail Inc,-- Empire Advanced Airport,"1712 Montebello Avenue, Phoenix, AZ","1712 BROOKWOOD DRIVE, WINSTON-SALEM, NC",Near-Duplicate Name / Brand Cousin
FALSE_MERGE (FP),S1-377745466,S2-670697535,B+ Retail Inc,(LLC) Frontier Anua,"1712 Montebello Avenue, Phoenix, AZ","1712 FROSTY HOLLOW ROAD, WAKE FOREST, NC",Near-Duplicate Name / Brand Cousin
FALSE_MERGE (FP),S1-377745466,S3-875897205,B+ Retail Inc,Cobalt L.L.C.,"1712 Montebello Avenue, Phoenix, AZ","1712 Prescott Dr, Fl 1, Chandler, Arizona",Near-Duplicate Name / Brand Cousin
FALSE_MERGE (FP),S1-377745466,S3-592615454,B+ Retail Inc,Empire Advanced Airport  LLC,"1712 Montebello Avenue, Phoenix, AZ","1712 Brookwood Drive, Winston-Salem, North Carolina",Near-Duplicate Name / Brand Cousin
FALSE_MERGE (FP),S1-377745466,S2-300950190,B+ Retail Inc,Grimaldo Platinum Ínc,"1712 Montebello Avenue, Phoenix, AZ","1712 DORA AVE, YUMA, AZ",Near-Duplicate Name / Brand Cousin
FALSE_MERGE (FP),S1-377745466,S3-929457034,B+ Retail Inc,Family Associates Pastgrs Partners,"1712 Montebello Avenue, Phoenix, AZ","1712 Calderdale Court, Hanover, Maryland",Near-Duplicate Name / Brand Cousin
FALSE_MERGE (FP),S1-377745466,S2-870795378,B+ Retail Inc,Josephine Mcdougle,"1712 Montebello Avenue, Phoenix, AZ","1712 COUNTRY RD W, NULL, BISMARCK, ND",Near-Duplicate Name / Brand Cousin
FALSE_MERGE (FP),S1-377745466,S2-411612644,B+ Retail Inc,"Becki Becki King, O.D. Holdings","1712 Montebello Avenue, Phoenix, AZ","##1712 ROSS HANOVER RD, HAMILTON, OH",Near-Duplicate Name / Brand Cousin
FALSE_MERGE (FP),S1-377745466,S3-328878689,B+ Retail Inc,Johnson of Washington Service,"1712 Montebello Avenue, Phoenix, AZ","1712 M Saint, Washington, District of Columbia",Near-Duplicate Name / Brand Cousin
FALSE_MERGE (FP),S1-377745466,S3-44389023,B+ Retail Inc,Orbijaxdelta,"1712 Montebello Avenue, Phoenix, AZ","1712 Twenyt First St, Redmnd, Oregon",Near-Duplicate Name / Brand Cousin
FALSE_MERGE (FP),S1-377745466,S3-259815508,B+ Retail Inc,Thomas Assets,"1712 Montebello Avenue, Phoenix, AZ","1712. Dixie Highway, Crete, Illinois",Near-Duplicate Name / Brand Cousin
FALSE_MERGE (FP),S1-377745466,S3-160844114,B+ Retail Inc,Orbicalo Formerly Josephine Mcdougle Crescent,"1712 Montebello Avenue, Phoenix, AZ","1712 Country Road W, Bismarck, ND",Near-Duplicate Name / Brand Cousin
FALSE_MERGE (FP),S1-377745466,S3-117887590,B+ Retail Inc,Integrated Wealth Digital,"1712 Montebello Avenue, Phoenix, AZ","1712 Sleepy Hollow Rod, Carroll County, Virginia",Near-Duplicate Name / Brand Cousin
FALSE_MERGE (FP),S1-377745466,S3-927190027,B+ Retail Inc,"H 2 Válue Digitalbridge,","1712 Montebello Avenue, Phoenix, AZ","1712 Halesworth Ln, Virginia Beach City, Virginia",Near-Duplicate Name / Brand Cousin
FALSE_MERGE (FP),S1-377745466,S3-647040713,B+ Retail Inc,Bright Pilates LLC,"1712 Montebello Avenue, Phoenix, AZ","1712-A Edinburg Ct, PMB 1170, ALLN, Texas",Near-Duplicate Name / Brand Cousin
FALSE_MERGE (FP),S1-377745466,S2-447527788,B+ Retail Inc,"LLC Superior Staates,","1712 Montebello Avenue, Phoenix, AZ","1712 ORANGE AVENUE, ST. PAUL, MN",Near-Duplicate Name / Brand Cousin
FALSE_MERGE (FP),S1-377745466,S2-131264573,B+ Retail Inc,"Campbell, Kaufman and Lyman LLC Center","1712 Montebello Avenue, Phoenix, AZ","1712 MAIN STREET, PORTLAND, OR",Near-Duplicate Name / Brand Cousin
FALSE_MERGE (FP),S1-377745466,S3-511218941,B+ Retail Inc,Lauri Todd Bright Auto Glass LLC,"1712 Montebello Avenue, Phoenix, AZ","1712 Clifford Avenue, Austin, Texas",Near-Duplicate Name / Brand Cousin
FALSE_MERGE (FP),S1-377745466,S2-745092723,B+ Retail Inc,essy rister cascade ofs,"1712 Montebello Avenue, Phoenix, AZ","1712- HOCKER AVENUE, INDEPENDENCE, MO",Near-Duplicate Name / Brand Cousin
FALSE_MERGE (FP),S1-377745466,S3-541054153,B+ Retail Inc,Empire Advanced Airp0rt Llc,"1712 Montebello Avenue, Phoenix, AZ","1712 Brookwood Drive, Winston-Salem, North Carolina",Near-Duplicate Name / Brand Cousin
FALSE_MERGE (FP),S1-377745466,S3-986644576,B+ Retail Inc,Empire Advanced LLC Center,"1712 Montebello Avenue, Phoenix, AZ","1712 Brookwood Dr, Winston-Salem, North Carolina",Near-Duplicate Name / Brand Cousin
FALSE_MERGE (FP),S1-377745466,S2-893530492,B+ Retail Inc,"H 2 Value Digitalbridge,","1712 Montebello Avenue, Phoenix, AZ","1712 HALESWORTH LAE, VIRGINIA BEACH CITY, VA",Near-Duplicate Name / Brand Cousin
FALSE_MERGE (FP),S1-377745466,S3-607418976,B+ Retail Inc,Eda,"1712 Montebello Avenue, Phoenix, AZ","1712 Garfield Street, Bronx, NY",Near-Duplicate Name / Brand Cousin
FALSE_MERGE (FP),S1-377745466,S3-717409837,B+ Retail Inc,HEFLIN SUPERIOR MUNIYIELD,"1712 Montebello Avenue, Phoenix, AZ","1712-B 16th Street, # 501, Washington, District of Columbia",Near-Duplicate Name / Brand Cousin
FALSE_MERGE (FP),S1-377745466,S2-709435845,B+ Retail Inc,"MATTI VALVERDE, DDS LLC","1712 Montebello Avenue, Phoenix, AZ","1712- 21RD SAINT, REDOND, OR",Near-Duplicate Name / Brand Cousin
FALSE_MERGE (FP),S1-377745466,S2-920350472,B+ Retail Inc,Bright Pilates Corp,"1712 Montebello Avenue, Phoenix, AZ","1712 EDINBURG COURT, TX, ALLEN",Near-Duplicate Name / Brand Cousin
FALSE_MERGE (FP),S1-377745466,S2-951165046,B+ Retail Inc,"Delacruz,, Tandi PC Services","1712 Montebello Avenue, Phoenix, AZ","NY, SUFFERN CITY, 00111 MONTEBELLO COMMONS DRIVE",Near-Duplicate Name / Brand Cousin
FALSE_MERGE (FP),S1-377745466,S3-77867037,B+ Retail Inc,Primary  Care Physicians,"1712 Montebello Avenue, Phoenix, AZ","1712 Oberlin Drive, High Point, North Carolina",Near-Duplicate Name / Brand Cousin
FALSE_MERGE (FP),S1-377745466,S3-644341819,B+ Retail Inc,Patel Pioneer  Saratoga LLC,"1712 Montebello Avenue, Phoenix, AZ","1712 Wellesley Ave, Saint Paul, Minnesota",Near-Duplicate Name / Brand Cousin
FALSE_MERGE (FP),S1-377745466,S3-389398161,B+ Retail Inc,Chesapeake City Better Church Center,"1712 Montebello Avenue, Phoenix, AZ","1712 Amberwood Common, Chesapeake, Virginia",Near-Duplicate Name / Brand Cousin
FALSE_MERGE (FP),S1-377745466,S3-374723942,B+ Retail Inc,I & E Rmg,"1712 Montebello Avenue, Phoenix, AZ","1712 First Ave, Sioux Falls, South Dakota",Near-Duplicate Name / Brand Cousin
FALSE_MERGE (FP),S1-377745466,S3-159459993,B+ Retail Inc,"Siddons, Johnson and Bush of Ltd Services","1712 Montebello Avenue, Phoenix, AZ","1712 17th Avenue Court, Sanaway, Washington",Near-Duplicate Name / Brand Cousin
FALSE_MERGE (FP),S1-377745466,S2-769327602,B+ Retail Inc,BRIGHT PILATES,"1712 Montebello Avenue, Phoenix, AZ","1712 EDINBURG COURT, ALLEN, TX",Near-Duplicate Name / Brand Cousin
FALSE_MERGE (FP),S1-377745466,S2-480303877,B+ Retail Inc,"Matti Valverde, DD5 LLC","1712 Montebello Avenue, Phoenix, AZ","1712- TWENTY FIRST STREET, REDOND, OR",Near-Duplicate Name / Brand Cousin
FALSE_MERGE (FP),S1-755362802,S2-988598897,Prabhav Business Center,पायोनियर प्रोडक्ट्स प्रा. लि.,"797, Lake Town Block A, Kolkata, Howrah, West Bengal","797 HO NO 19 ERANDA AKOLA, AKOLA, Maharashtra",Near-Duplicate Name / Brand Cousin
FALSE_MERGE (FP),S1-755362802,S3-956288341,Prabhav Business Center,abhishek consultants,"797, Lake Town Block A, Kolkata, Howrah, West Bengal","#797/2 1St A Main Road, Vyalikaval, Bangalore, ಕರ್ನಾಟಕ",Near-Duplicate Name / Brand Cousin
FALSE_MERGE (FP),S1-755362802,S3-644945138,Prabhav Business Center,MKI  8everages,"797, Lake Town Block A, Kolkata, Howrah, West Bengal","797, Sri Laxmi Nagar, Ghatkesar, Hyderabad, TG",Near-Duplicate Name / Brand Cousin
FALSE_MERGE (FP),S1-755362802,S2-819912157,Prabhav Business Center,M/s Spencer Ghar Ltd,"797, Lake Town Block A, Kolkata, Howrah, West Bengal","797/2656 , TARINI VIHAR RAGHUNATHPURJALI, PS NANDANKANAN KHURDA, BHUBANESWAR, Odisha",Near-Duplicate Name / Brand Cousin
FALSE_MERGE (FP),S1-755362802,S2-172414636,Prabhav Business Center,Abhishek  Consultants,"797, Lake Town Block A, Kolkata, Howrah, West Bengal","#797/27 1ST A MAIN ROAD, VYALIKAVAL, BANGALORE, Karnataka",Near-Duplicate Name / Brand Cousin
MISSED_MATCH (FN),S1-27541239,S2-199341916,Nexus Anchor Rain,NEXUS ACORMHR RAIN,"1111 Church Street, Unit 2007, Nashville, TN","CHURCH STREET, NASHVILLE, TN",Severe Name Abbreviation
MISSED_MATCH (FN),S1-27541239,S3-893131105,Nexus Anchor Rain,Nexus Anchor Rain,"1111 Church Street, Unit 2007, Nashville, TN","1111 Church Street, # 2007, Nashville, Tennessee",Severe Name Abbreviation
MISSED_MATCH (FN),S1-27541239,S2-85756610,Nexus Anchor Rain,Nexus-Anchor Rain,"1111 Church Street, Unit 2007, Nashville, TN","NASHVILLE, TN, 1111 CHURCH STREET",Severe Name Abbreviation
MISSED_MATCH (FN),S1-27541239,S3-739757636,Nexus Anchor Rain,Nexus Anchor  Service,"1111 Church Street, Unit 2007, Nashville, TN","1111 Church Street, Nashville, Tennessee",Severe Name Abbreviation
MISSED_MATCH (FN),S1-865131206,S3-652513823,Helios,Hiros,"66 Edgewood Street, Bridgeport, CT","Connecticut, 66 Edgewood St, Bridgeport",Zero Token Overlap / Unseen Alias
MISSED_MATCH (FN),S1-865131206,S3-219374335,Helios,Helios.Com,"66 Edgewood Street, Bridgeport, CT","Bridgeport, 66 Edgewood Saint, Connecticut",Severe Name Abbreviation
MISSED_MATCH (FN),S1-865131206,S3-567734078,Helios,@Helios,"66 Edgewood Street, Bridgeport, CT","66 Edgewood Street, Bridgeport, Connecticut",Severe Name Abbreviation
MISSED_MATCH (FN),S1-865131206,S2-657355663,Helios,HELI0S LP,"66 Edgewood Street, Bridgeport, CT","66 EDGEWOOD ST, BRIDGEPORT, CT",Zero Token Overlap / Unseen Alias
FALSE_MERGE (FP),S1-626914593,S2-187097281,Unified Choice Dynamix,"FAWN HARRIS, ESQ., P.C.","Unit BUILDING 3030, MD, 2701 Eastern Boulevard, Middle River","2701 BROADWAY BLVD, TUCSON, AZ",Near-Duplicate Name / Brand Cousin
FALSE_MERGE (FP),S1-626914593,S2-144238129,Unified Choice Dynamix,MARTINEZ LLC ÁSSET,"Unit BUILDING 3030, MD, 2701 Eastern Boulevard, Middle River","2701 HINDS ST, SEATTLE, WA",Near-Duplicate Name / Brand Cousin
FALSE_MERGE (FP),S1-626914593,S3-15622087,Unified Choice Dynamix,"Carlie Moore Redwood,","Unit BUILDING 3030, MD, 2701 Eastern Boulevard, Middle River","2701 Uptown Way, Unit Suite 150, Fago, North Dakota",Near-Duplicate Name / Brand Cousin
FALSE_MERGE (FP),S1-626914593,S3-232408539,Unified Choice Dynamix,Irondad [LLC],"Unit BUILDING 3030, MD, 2701 Eastern Boulevard, Middle River","2701 Chippendale Ct, Decatur, Alabama",Near-Duplicate Name / Brand Cousin
FALSE_MERGE (FP),S1-626914593,S2-967988597,Unified Choice Dynamix,"ROGER5, BOND + BREWINGTON L.L.C.","Unit BUILDING 3030, MD, 2701 Eastern Boulevard, Middle River","2701 SALU ST, null, ALTON, IL",Near-Duplicate Name / Brand Cousin
FALSE_MERGE (FP),S1-626914593,S2-776700414,Unified Choice Dynamix,EVEREST FUND,"Unit BUILDING 3030, MD, 2701 Eastern Boulevard, Middle River","COLUMBIA, MO, 3030 STADIUM BOULEVARD",Near-Duplicate Name / Brand Cousin
FALSE_MERGE (FP),S1-626914593,S3-278103534,Unified Choice Dynamix,Delta Fellowship LLC,"Unit BUILDING 3030, MD, 2701 Eastern Boulevard, Middle River","3030 Brown Drive, Ashtabula, Ohio",Near-Duplicate Name / Brand Cousin
FALSE_MERGE (FP),S1-626914593,S2-411953126,Unified Choice Dynamix,stuckyconsumer.com,"Unit BUILDING 3030, MD, 2701 Eastern Boulevard, Middle River","3030 ROCKINGHAM RD, DVENPORT, IA",Near-Duplicate Name / Brand Cousin
FALSE_MERGE (FP),S1-626914593,S2-399112375,Unified Choice Dynamix,Inc Prairie Advisors,"Unit BUILDING 3030, MD, 2701 Eastern Boulevard, Middle River","2701 HAMFTON AVENUE, AR, BENTONVILLE",Near-Duplicate Name / Brand Cousin
FALSE_MERGE (FP),S1-626914593,S2-37592168,Unified Choice Dynamix,Cascade Charities lncorporated,"Unit BUILDING 3030, MD, 2701 Eastern Boulevard, Middle River","BISMARCK, ND, 3030-3034 19TH STREET",Near-Duplicate Name / Brand Cousin
FALSE_MERGE (FP),S1-626914593,S3-607364638,Unified Choice Dynamix,Cornerstone Republic Corp,"Unit BUILDING 3030, MD, 2701 Eastern Boulevard, Middle River","New York, Kenmore, 3030 Delaware Avenue",Near-Duplicate Name / Brand Cousin
FALSE_MERGE (FP),S1-626914593,S2-996870609,Unified Choice Dynamix,XNF Lab Harbor,"Unit BUILDING 3030, MD, 2701 Eastern Boulevard, Middle River","1533 2701, BIFGOOT, TX",Near-Duplicate Name / Brand Cousin
FALSE_MERGE (FP),S1-626914593,S2-297146498,Unified Choice Dynamix,"Fawn Harris, PC Services","Unit BUILDING 3030, MD, 2701 Eastern Boulevard, Middle River","2701 BROAWDAY BOULEVARD, TUCSON, AZ",Near-Duplicate Name / Brand Cousin
FALSE_MERGE (FP),S1-626914593,S2-600033206,Unified Choice Dynamix,Martinez Atet LLC,"Unit BUILDING 3030, MD, 2701 Eastern Boulevard, Middle River","2701 HINDS ST, SEATTLE, WA",Near-Duplicate Name / Brand Cousin
FALSE_MERGE (FP),S1-626914593,S3-908228074,Unified Choice Dynamix,Everest Fund  Inc,"Unit BUILDING 3030, MD, 2701 Eastern Boulevard, Middle River","3030 Stadium Blvd, # 102, Columbia, Missouri",Near-Duplicate Name / Brand Cousin
FALSE_MERGE (FP),S1-626914593,S2-99927969,Unified Choice Dynamix,Mulcahy and Mcpherson,"Unit BUILDING 3030, MD, 2701 Eastern Boulevard, Middle River","168 PARKER RD, PMB 2701, ARLINGTON, KY",Near-Duplicate Name / Brand Cousin
FALSE_MERGE (FP),S1-626914593,S3-737679104,Unified Choice Dynamix,Cardiology Clinic LP,"Unit BUILDING 3030, MD, 2701 Eastern Boulevard, Middle River","679 Parrish Run Rd, PO Box 2701, Farmington, West Virginia",Near-Duplicate Name / Brand Cousin
FALSE_MERGE (FP),S1-626914593,S2-140924662,Unified Choice Dynamix,Marquardt  Martin,"Unit BUILDING 3030, MD, 2701 Eastern Boulevard, Middle River","3030 7TH ST, PHOENIX, AZ",Near-Duplicate Name / Brand Cousin
FALSE_MERGE (FP),S1-626914593,S3-858337965,Unified Choice Dynamix,Department Of Education,"Unit BUILDING 3030, MD, 2701 Eastern Boulevard, Middle River","3030 7nd St, # 2057, Osborn, Arizona",Near-Duplicate Name / Brand Cousin
FALSE_MERGE (FP),S1-626914593,S3-194453449,Unified Choice Dynamix,Porter Prairie Center,"Unit BUILDING 3030, MD, 2701 Eastern Boulevard, Middle River","3030 Rockingham Rd, Davenport, Iowa",Near-Duplicate Name / Brand Cousin
FALSE_MERGE (FP),S1-626914593,S3-885610192,Unified Choice Dynamix,Derosa  Metlife,"Unit BUILDING 3030, MD, 2701 Eastern Boulevard, Middle River","9 Redbdu Dr, PO Box 2701, Mechanicsburg, Pennsylvania",Near-Duplicate Name / Brand Cousin
FALSE_MERGE (FP),S1-626914593,S2-266254581,Unified Choice Dynamix,Drury & Kerber Intelligence Inc,"Unit BUILDING 3030, MD, 2701 Eastern Boulevard, Middle River","2701 HILLBROOK DR, ROANOKE, VA",Near-Duplicate Name / Brand Cousin
FALSE_MERGE (FP),S1-626914593,S3-951047394,Unified Choice Dynamix,"Bruno, Jacquette, DDS Partners","Unit BUILDING 3030, MD, 2701 Eastern Boulevard, Middle River","3030 Michaleen Dr, Spring Hill, Tennessee",Near-Duplicate Name / Brand Cousin
FALSE_MERGE (FP),S1-626914593,S3-975878792,Unified Choice Dynamix,Innovative  Works,"Unit BUILDING 3030, MD, 2701 Eastern Boulevard, Middle River","2701 Ailsa Avenue, Baltimore, Maryland",Near-Duplicate Name / Brand Cousin
FALSE_MERGE (FP),S1-626914593,S2-764253629,Unified Choice Dynamix,AUROVA FQREUEBCY  LLC,"Unit BUILDING 3030, MD, 2701 Eastern Boulevard, Middle River","2701 STANFORD AVE, SPRINGFIELD, IL",Near-Duplicate Name / Brand Cousin
FALSE_MERGE (FP),S1-626914593,S3-94764244,Unified Choice Dynamix,"Rogers, Bond & & Brewington","Unit BUILDING 3030, MD, 2701 Eastern Boulevard, Middle River","##2701 Salu St, PMB 8389, Alton, Illinois",Near-Duplicate Name / Brand Cousin
FALSE_MERGE (FP),S1-626914593,S3-558871203,Unified Choice Dynamix,Martinez Asset L.L.C.,"Unit BUILDING 3030, MD, 2701 Eastern Boulevard, Middle River","2701 Hinds Street, Seattle, Washington",Near-Duplicate Name / Brand Cousin
FALSE_MERGE (FP),S1-626914593,S2-587484624,Unified Choice Dynamix,Golden Inc. Services,"Unit BUILDING 3030, MD, 2701 Eastern Boulevard, Middle River","2701 HARRINGTON STREET, HOUSTON, TX",Near-Duplicate Name / Brand Cousin
FALSE_MERGE (FP),S1-626914593,S2-309659321,Unified Choice Dynamix,PRIMARY CARE CAPITAL CENTER,"Unit BUILDING 3030, MD, 2701 Eastern Boulevard, Middle River","315 WINDOVER AVE, PO BOX 2701, VIENNA TOWN, VA",Near-Duplicate Name / Brand Cousin
FALSE_MERGE (FP),S1-626914593,S3-841951907,Unified Choice Dynamix,"Pacific Jersey, Llc","Unit BUILDING 3030, MD, 2701 Eastern Boulevard, Middle River","#3030 Denali St, Unit STE 7, Acnhorage, Alaska",Near-Duplicate Name / Brand Cousin
FALSE_MERGE (FP),S1-626914593,S2-616713666,Unified Choice Dynamix,Certified Core,"Unit BUILDING 3030, MD, 2701 Eastern Boulevard, Middle River","3030-C CONTINENTAL COLONY PKWY, ATL, GA",Near-Duplicate Name / Brand Cousin
FALSE_MERGE (FP),S1-626914593,S2-813707507,Unified Choice Dynamix,TUCKER-MFA CORPORATION,"Unit BUILDING 3030, MD, 2701 Eastern Boulevard, Middle River","MD, FORT WASHINGTON, 3030 TUCKER ROAD",Near-Duplicate Name / Brand Cousin
FALSE_MERGE (FP),S1-626914593,S3-553775120,Unified Choice Dynamix,Vanderwoude Píedmont Municipals,"Unit BUILDING 3030, MD, 2701 Eastern Boulevard, Middle River","3030 Glendale Avenue, Racine, Wisconsin",Near-Duplicate Name / Brand Cousin
FALSE_MERGE (FP),S1-626914593,S3-685059030,Unified Choice Dynamix,Hathaway's Media Ridge,"Unit BUILDING 3030, MD, 2701 Eastern Boulevard, Middle River","Sparrows Point, 2701 Bay Dr, Maryland",Near-Duplicate Name / Brand Cousin
FALSE_MERGE (FP),S1-626914593,S2-426474631,Unified Choice Dynamix,The Baltimore Baltimore Community Clean Ministries,"Unit BUILDING 3030, MD, 2701 Eastern Boulevard, Middle River","BALTIMORE, 2701 BEREA ROAD, MD",Near-Duplicate Name / Brand Cousin
FALSE_MERGE (FP),S1-626914593,S3-799887112,Unified Choice Dynamix,Grand Certified LLC [Center],"Unit BUILDING 3030, MD, 2701 Eastern Boulevard, Middle River","2701 Main Street, South Boston, Virginia",Near-Duplicate Name / Brand Cousin
FALSE_MERGE (FP),S1-626914593,S3-936727604,Unified Choice Dynamix,"Galodyne Trading,","Unit BUILDING 3030, MD, 2701 Eastern Boulevard, Middle River","2701 Wildwood Dr, Clarksville, Indiana",Near-Duplicate Name / Brand Cousin
FALSE_MERGE (FP),S1-626914593,S3-862416107,Unified Choice Dynamix,Lance Patriot Outdoor,"Unit BUILDING 3030, MD, 2701 Eastern Boulevard, Middle River","2701 Prairie Creek Road, # #P, Granite Shoals, Texas",Near-Duplicate Name / Brand Cousin
FALSE_MERGE (FP),S1-626914593,S2-982535996,Unified Choice Dynamix,Western Bagcn Defense LP,"Unit BUILDING 3030, MD, 2701 Eastern Boulevard, Middle River","CA, SOQUEL, 3030-B PORTER ST",Near-Duplicate Name / Brand Cousin
FALSE_MERGE (FP),S1-626914593,S2-767839570,Unified Choice Dynamix,CROWE'S GROUP,"Unit BUILDING 3030, MD, 2701 Eastern Boulevard, Middle River","3030 Broadway Road, MESA, AZ",Near-Duplicate Name / Brand Cousin
FALSE_MERGE (FP),S1-626914593,S2-101624583,Unified Choice Dynamix,EVEREST FUND ÍNC,"Unit BUILDING 3030, MD, 2701 Eastern Boulevard, Middle River","3030 STADIUM BOLUEVARD, COLUMBIA, MO",Near-Duplicate Name / Brand Cousin
FALSE_MERGE (FP),S1-626914593,S3-82841475,Unified Choice Dynamix,Jordan Rain,"Unit BUILDING 3030, MD, 2701 Eastern Boulevard, Middle River","2701 Center Point Rd, Cunningham, Tennessee",Near-Duplicate Name / Brand Cousin
FALSE_MERGE (FP),S1-626914593,S2-923035848,Unified Choice Dynamix,HEARTLAND  MLCTOULAR CO,"Unit BUILDING 3030, MD, 2701 Eastern Boulevard, Middle River","3030 WEDGEWOOD WAY, LOUISVILLE, KY",Near-Duplicate Name / Brand Cousin
FALSE_MERGE (FP),S1-626914593,S3-14388767,Unified Choice Dynamix,surgicalphysicians.com,"Unit BUILDING 3030, MD, 2701 Eastern Boulevard, Middle River","3030 Lisa Ct, Newbury Park, California",Near-Duplicate Name / Brand Cousin
FALSE_MERGE (FP),S1-626914593,S2-764270967,Unified Choice Dynamix,LLC Martinez Ásset,"Unit BUILDING 3030, MD, 2701 Eastern Boulevard, Middle River","2701 HINDS ST, SEATTLE, WA",Near-Duplicate Name / Brand Cousin
FALSE_MERGE (FP),S1-626914593,S2-525389777,Unified Choice Dynamix,Rev  It Up Deli,"Unit BUILDING 3030, MD, 2701 Eastern Boulevard, Middle River","3030  MEADOWS LN, MEMPHIS, TN",Near-Duplicate Name / Brand Cousin
FALSE_MERGE (FP),S1-990319941,S3-634095133,Holy Synagogue,Cozy Nai1s Group,"Sapulpa, OK, 2204 Park Street","615 Adams Street, Oklahoma, Sapulpa",Near-Duplicate Name / Brand Cousin
FALSE_MERGE (FP),S1-990319941,S2-33748776,Holy Synagogue,Board of of Education,"Sapulpa, OK, 2204 Park Street","1330 MCKINLEY AVENUE, SAPULPA, OK",Near-Duplicate Name / Brand Cousin
FALSE_MERGE (FP),S1-990319941,S3-87293789,Holy Synagogue,Clear Corporation Center,"Sapulpa, OK, 2204 Park Street","227 Jackson Avenue, Sapulpa, Oklahoma",Near-Duplicate Name / Brand Cousin
FALSE_MERGE (FP),S1-990319941,S3-123041651,Holy Synagogue,Board of Education,"Sapulpa, OK, 2204 Park Street","Sapulpa, 1330 Mckinley Ave, Oklahoma",Near-Duplicate Name / Brand Cousin
FALSE_MERGE (FP),S1-990319941,S3-962206221,Holy Synagogue,QJ Ubs West Inc.,"Sapulpa, OK, 2204 Park Street","9576 Foreacre Dr, Sapulpa, Oklahoma",Near-Duplicate Name / Brand Cousin
FALSE_MERGE (FP),S1-990319941,S2-630422144,Holy Synagogue,Sty1e @ It Center,"Sapulpa, OK, 2204 Park Street","9109 State Highway 66, SAPULPA, OK",Near-Duplicate Name / Brand Cousin
FALSE_MERGE (FP),S1-990319941,S3-895947306,Holy Synagogue,Piedmontapexbiopharma.Com,"Sapulpa, OK, 2204 Park Street","10375 240th Avenue West, Sapulpa, Oklahoma",Near-Duplicate Name / Brand Cousin
FALSE_MERGE (FP),S1-990319941,S3-131456490,Holy Synagogue,Cardiology Supreme  Group,"Sapulpa, OK, 2204 Park Street","1316 Ninth St, Sapulpa, Oklahoma",Near-Duplicate Name / Brand Cousin
FALSE_MERGE (FP),S1-990319941,S2-199326751,Holy Synagogue,Cggprses Inc,"Sapulpa, OK, 2204 Park Street","05 Hickory Hill Rd, SAPULPA, OK",Near-Duplicate Name / Brand Cousin
FALSE_MERGE (FP),S1-990319941,S2-665643658,Holy Synagogue,Bibby  Jackson,"Sapulpa, OK, 2204 Park Street","2260D PARK SAINT, SAPULPA, OK",Near-Duplicate Name / Brand Cousin
FALSE_MERGE (FP),S1-990319941,S3-439230848,Holy Synagogue,H 3 Q Energy Ltd,"Sapulpa, OK, 2204 Park Street","008425 145th Ave W, Sapulpa, Oklahoma",Near-Duplicate Name / Brand Cousin
FALSE_MERGE (FP),S1-990319941,S2-277122458,Holy Synagogue,Back Alley Bistro Services,"Sapulpa, OK, 2204 Park Street","603 PIONEER RD, SAPULPA, OK",Near-Duplicate Name / Brand Cousin
FALSE_MERGE (FP),S1-990319941,S3-218839280,Holy Synagogue,Archuleta Ammfllfy Inc,"Sapulpa, OK, 2204 Park Street","Oklahoma, Sapulpa, 119 Mann Street",Near-Duplicate Name / Brand Cousin
FALSE_MERGE (FP),S1-990319941,S3-264762257,Holy Synagogue,LLC Economic Development Fellowship,"Sapulpa, OK, 2204 Park Street","16925 Ozark Trail, Sapulpa, Oklahoma",Near-Duplicate Name / Brand Cousin
FALSE_MERGE (FP),S1-990319941,S3-484476511,Holy Synagogue,Board óf Education LLC,"Sapulpa, OK, 2204 Park Street","1330 Mckinley Ave, Sapulpa, Oklahoma",Near-Duplicate Name / Brand Cousin
FALSE_MERGE (FP),S1-252242682,S3-208719905,"Aggie E. Nagle, L.C.S.W.",Golden Tattoo Corporation,"11900 54th Avenue, Plymouth, MN","#11900 Escalante Ct, Fairfax County, Virginia",Near-Duplicate Name / Brand Cousin
FALSE_MERGE (FP),S1-252242682,S2-589110724,"Aggie E. Nagle, L.C.S.W.",RED HYNPOSIS!,"11900 54th Avenue, Plymouth, MN","11900 HICKS RIDGE RD, CANAAN, IN",Near-Duplicate Name / Brand Cousin
FALSE_MERGE (FP),S1-252242682,S2-335179101,"Aggie E. Nagle, L.C.S.W.",Silver Semiconductor,"11900 54th Avenue, Plymouth, MN","11900 LIVINGSTON RD, MANASSAS, VA",Near-Duplicate Name / Brand Cousin
FALSE_MERGE (FP),S1-252242682,S2-493652844,"Aggie E. Nagle, L.C.S.W.",RAPID  ASSET PRODUCTS,"11900 54th Avenue, Plymouth, MN","11900  MILL RUN RD, NEWBURG, MD",Near-Duplicate Name / Brand Cousin
MISSED_MATCH (FN),S1-252242682,S2-84842746,"Aggie E. Nagle, L.C.S.W.",*** aggieenagle.com,"11900 54th Avenue, Plymouth, MN","54ND AVENUE, MINNEAPLIS, MN",Zero Token Overlap / Unseen Alias
FALSE_MERGE (FP),S1-883973644,S2-485984348,Global Hovnanian LLC,"Partners Travis Pinnacle,","4024 39th Avenue, Seattle, WA","4024  DECATUR HWY, KINGSTON, TN",Near-Duplicate Name / Brand Cousin
FALSE_MERGE (FP),S1-883973644,S3-2928347,Global Hovnanian LLC,Mora  Hudson,"4024 39th Avenue, Seattle, WA","4024 High Creek Road, Bismarck, North Dakota",Near-Duplicate Name / Brand Cousin
FALSE_MERGE (FP),S1-883973644,S3-751250517,Global Hovnanian LLC,Anneliese  Nelson Nexera Inc,"4024 39th Avenue, Seattle, WA","4024 93, Stevenvsille CDP, Montana",Near-Duplicate Name / Brand Cousin
FALSE_MERGE (FP),S1-883973644,S3-95926145,Global Hovnanian LLC,Prado  & Ramirez,"4024 39th Avenue, Seattle, WA","4024 4600, Liberty, Utah",Near-Duplicate Name / Brand Cousin
FALSE_MERGE (FP),S1-883973644,S2-346814650,Global Hovnanian LLC,INTERNAL  MEDICINE FEDERAL PHYSICIANS,"4024 39th Avenue, Seattle, WA","BISMARCK, ND, 4024 HIGH CREEK RD",Near-Duplicate Name / Brand Cousin
FALSE_MERGE (FP),S1-883973644,S3-135865718,Global Hovnanian LLC,Quality Adamas,"4024 39th Avenue, Seattle, WA","Minnesota, Ely, 4024 Swanson Shores Road",Near-Duplicate Name / Brand Cousin
FALSE_MERGE (FP),S1-883973644,S3-608363529,Global Hovnanian LLC,The Carter Clean Innovations,"4024 39th Avenue, Seattle, WA","4024 Greystone Lane, Spokane, Washington",Near-Duplicate Name / Brand Cousin
FALSE_MERGE (FP),S1-883973644,S3-6566676,Global Hovnanian LLC,*** The Le Group,"4024 39th Avenue, Seattle, WA","4024 Arnelle Road, Toledo, Ohio",Near-Duplicate Name / Brand Cousin
FALSE_MERGE (FP),S1-883973644,S2-75408449,Global Hovnanian LLC,BEHAVIORAL HEALTH ASSOCIATES,"4024 39th Avenue, Seattle, WA","JAMES CITY COUNTY, 4024 Owl Creek, VA",Near-Duplicate Name / Brand Cousin
FALSE_MERGE (FP),S1-883973644,S3-550565505,Global Hovnanian LLC,Quality Adamas,"4024 39th Avenue, Seattle, WA","4024 Swanson Shores Rd, Ely, Minnesota",Near-Duplicate Name / Brand Cousin
FALSE_MERGE (FP),S1-883973644,S3-641168848,Global Hovnanian LLC,Gildarc DBA Elene Agee Express Vision Inc,"4024 39th Avenue, Seattle, WA","4024 Westheimer Road, Houston, TX",Near-Duplicate Name / Brand Cousin
FALSE_MERGE (FP),S1-883973644,S2-403397925,Global Hovnanian LLC,FEDERAL TAXABLE WEST INC,"4024 39th Avenue, Seattle, WA","4024 MORNINGSIDE DRIVE, BLOOMINGTON, IN",Near-Duplicate Name / Brand Cousin
MISSED_MATCH (FN),S1-883973644,S2-346262429,Global Hovnanian LLC,GLOBAL HOGNANINN LLC,"4024 39th Avenue, Seattle, WA","4024B 39RD AVE, SEATTLE, WA",Severe Name Abbreviation
FALSE_MERGE (FP),S1-17666546,S2-485478216,Pacific Learning Laboratories LLC,Corp TQ Industrial,"4810 Nassau Avenue, Sand Springs, OK","4810 Isabella Cir, VILLAGE OF HOBART, WI",Near-Duplicate Name / Brand Cousin
FALSE_MERGE (FP),S1-17666546,S2-280550905,Pacific Learning Laboratories LLC,mobile colonial legacy,"4810 Nassau Avenue, Sand Springs, OK","4810 SHADY OAKS PL, PMB 646, TOBACCOVILLE, NC",Near-Duplicate Name / Brand Cousin
FALSE_MERGE (FP),S1-17666546,S2-281928717,Pacific Learning Laboratories LLC,Cindra Pierce Inc Services,"4810 Nassau Avenue, Sand Springs, OK","#4810 LAS LOMAS DR, MESQUITE, TX",Near-Duplicate Name / Brand Cousin
FALSE_MERGE (FP),S1-17666546,S2-577077156,Pacific Learning Laboratories LLC,Kodama Wintergreen Inc. Center,"4810 Nassau Avenue, Sand Springs, OK","4810- WEISSER PARK AVENUE, FORT WAYNE, IN",Near-Duplicate Name / Brand Cousin
FALSE_MERGE (FP),S1-17666546,S3-279869259,Pacific Learning Laboratories LLC,Miravera dba Kodama Elite Wintergreen Inc.,"4810 Nassau Avenue, Sand Springs, OK","4810 Weisser Park Avenue, IN, Fort Wayne",Near-Duplicate Name / Brand Cousin
FALSE_MERGE (FP),S1-17666546,S3-833663986,Pacific Learning Laboratories LLC,Hunger  Project,"4810 Nassau Avenue, Sand Springs, OK","4810 Tower Road, # A, Greensboro, North Carolina",Near-Duplicate Name / Brand Cousin
FALSE_MERGE (FP),S1-17666546,S2-982472871,Pacific Learning Laboratories LLC,Delgadillo &  Rex For LP,"4810 Nassau Avenue, Sand Springs, OK","SPARTA, TN, 70 NASSAU ST",Near-Duplicate Name / Brand Cousin
FALSE_MERGE (FP),S1-17666546,S2-641292017,Pacific Learning Laboratories LLC,MANTUA COMMUNITY  STRATEGIC CENTER,"4810 Nassau Avenue, Sand Springs, OK","4810 SONTAG LN, MANTUA, OH",Near-Duplicate Name / Brand Cousin
FALSE_MERGE (FP),S1-17666546,S3-228659936,Pacific Learning Laboratories LLC,"Forker, Cote & Habel Rare","4810 Nassau Avenue, Sand Springs, OK","Greensboro, North Carolina, 4810 Market St",Near-Duplicate Name / Brand Cousin
MISSED_MATCH (FN),S1-17666546,S2-341313901,Pacific Learning Laboratories LLC,Pacific Learning Laboratories L.L.C.,"4810 Nassau Avenue, Sand Springs, OK",,Missing Mention Address
FALSE_MERGE (FP),S1-976369483,S2-290476475,FUE Pgim Care,Jar1ance Bright,"211 Dewey Road, IL, Rockton","IL, ROCKTON, 110 RIVER ST",Near-Duplicate Name / Brand Cousin
FALSE_MERGE (FP),S1-976369483,S2-714035807,FUE Pgim Care,Cascade-Guild,"211 Dewey Road, IL, Rockton","AUTUMNWOOD DR, ROCKTON, IL",Near-Duplicate Name / Brand Cousin
FALSE_MERGE (FP),S1-976369483,S3-672157883,FUE Pgim Care,Western Preparatory Academy Commission,"211 Dewey Road, IL, Rockton","Wynstone Way, Rockton, Illinois",Near-Duplicate Name / Brand Cousin
FALSE_MERGE (FP),S1-976369483,S3-586384608,FUE Pgim Care,r0ckton community center,"211 Dewey Road, IL, Rockton","University Pkwy, Rockton, Illinois",Near-Duplicate Name / Brand Cousin
MISSED_MATCH (FN),S1-976369483,S2-268873536,FUE Pgim Care,FUE PGIM CENTER,"211 Dewey Road, IL, Rockton","IL, 211 DEWEY RD, ROCKTON",Severe Name Abbreviation
MISSED_MATCH (FN),S1-976369483,S2-896291492,FUE Pgim Care,FUE Pgim Care LLC,"211 Dewey Road, IL, Rockton","211 DEWEY ROAD, ROCKTON, IL",Severe Name Abbreviation
FALSE_MERGE (FP),S1-993527714,S2-145385916,George Saul Inc,Rocky  Co,"Unit UNIT 367, 1400 Great Wolf Drive, WI, Village Of Lake Delton","54 HILLMAN RD, VILLAGE OF LAKE DELTON, WI",Near-Duplicate Name / Brand Cousin
FALSE_MERGE (FP),S1-993527714,S2-298632458,George Saul Inc,TBSIGNATURECOM,"Unit UNIT 367, 1400 Great Wolf Drive, WI, Village Of Lake Delton","WI, VILLAGE OF LAKE DELTON, 1325 ELIZABETH AVE",Near-Duplicate Name / Brand Cousin
FALSE_MERGE (FP),S1-993527714,S3-77075266,George Saul Inc,Solzeph+ fka Custom Wellness Dynamics LLC,"Unit UNIT 367, 1400 Great Wolf Drive, WI, Village Of Lake Delton","WI, E10423 Xanadu Road, Town Of Delton",Near-Duplicate Name / Brand Cousin
FALSE_MERGE (FP),S1-993527714,S2-802847833,George Saul Inc,Martin Esports,"Unit UNIT 367, 1400 Great Wolf Drive, WI, Village Of Lake Delton","60 GASSER RD, VILLAGE OF LAKE DELTON, WI",Near-Duplicate Name / Brand Cousin
FALSE_MERGE (FP),S1-993527714,S2-757773556,George Saul Inc,Town Of Delton Báptist Services LP,"Unit UNIT 367, 1400 Great Wolf Drive, WI, Village Of Lake Delton","S235 A-B STAND ROCK RD, TOWN OF DELTON, WI",Near-Duplicate Name / Brand Cousin
FALSE_MERGE (FP),S1-993527714,S2-481689812,George Saul Inc,Signature Dollar,"Unit UNIT 367, 1400 Great Wolf Drive, WI, Village Of Lake Delton","GREAT WOLF DRIVE, VILLAGE OF LAKE DELTON, WI",Near-Duplicate Name / Brand Cousin
FALSE_MERGE (FP),S1-993527714,S2-549221592,George Saul Inc,Bay Signature LLC Trading,"Unit UNIT 367, 1400 Great Wolf Drive, WI, Village Of Lake Delton","1325 ELIZABETH AVENUE, VILLAGE OF LAKE DELTON, WI",Near-Duplicate Name / Brand Cousin
FALSE_MERGE (FP),S1-993527714,S3-112795727,George Saul Inc,PLLC VAS Faet Tokyo,"Unit UNIT 367, 1400 Great Wolf Drive, WI, Village Of Lake Delton","S1903 A, Town Of Delton, Wisconsin",Near-Duplicate Name / Brand Cousin
FALSE_MERGE (FP),S1-993527714,S2-735866307,George Saul Inc,Signature Bay Trading L.L.C. - 5645204590,"Unit UNIT 367, 1400 Great Wolf Drive, WI, Village Of Lake Delton","1325 ELIZABETH AVENUE, VILLAGE OF LAKE DELTON, WI",Near-Duplicate Name / Brand Cousin
FALSE_MERGE (FP),S1-993527714,S2-797283263,George Saul Inc,"Tsosie and Aag,r-LLC","Unit UNIT 367, 1400 Great Wolf Drive, WI, Village Of Lake Delton","WI, TOWN OF DELTON, E10570 1/2 FERN DELL ROAD",Near-Duplicate Name / Brand Cousin
FALSE_MERGE (FP),S1-993527714,S2-534551968,George Saul Inc,Urban Barbershop Services,"Unit UNIT 367, 1400 Great Wolf Drive, WI, Village Of Lake Delton","101 HIAWATHA DR, VILLAGE OF LAKE DELTON, WI",Near-Duplicate Name / Brand Cousin
MISSED_MATCH (FN),S1-993527714,S3-623091575,George Saul Inc,georgesaul.com,"Unit UNIT 367, 1400 Great Wolf Drive, WI, Village Of Lake Delton","1400 Great Wolf Drive, Unit UNIT 367, Baraboo, Wisconsin",Zero Token Overlap / Unseen Alias
MISSED_MATCH (FN),S1-134898809,S3-882276216,Corner Hypnosis,Cornerhypnosis.Com,"26 Stone Street, Unit 3, Beverly, MA","26 Stone Street, # 3, Beverly, Massachusetts",Zero Token Overlap / Unseen Alias
MISSED_MATCH (FN),S1-134898809,S2-733711701,Corner Hypnosis,Corner  Hypnosis,"26 Stone Street, Unit 3, Beverly, MA","0026 STONE STREET, BEVERLY, MA",Severe Name Abbreviation
MISSED_MATCH (FN),S1-134898809,S2-156312637,Corner Hypnosis,Brixlyra,"26 Stone Street, Unit 3, Beverly, MA","PMB 9599, MA, BEVERLY, 0026 STONE ST",Zero Token Overlap / Unseen Alias
MISSED_MATCH (FN),S1-134898809,S3-994371548,Corner Hypnosis,Corner-Hypnosis,"26 Stone Street, Unit 3, Beverly, MA","26 Stone Street, PMB 5084, Beverly, Massachusetts",Severe Name Abbreviation
MISSED_MATCH (FN),S1-134898809,S3-307933717,Corner Hypnosis,Arclumjax Labs,"26 Stone Street, Unit 3, Beverly, MA","26 Stone Street, Unit 3, Beverly, MA",Zero Token Overlap / Unseen Alias
FALSE_MERGE (FP),S1-627144525,S2-700090565,Little Diner Center,Moscato Vúlcan Inc.,"AL, Hodges, 541 117","0270 HODGES HEIGH DR, ALVORD, TX",Near-Duplicate Name / Brand Cousin
FALSE_MERGE (FP),S1-627144525,S3-903095084,Little Diner Center,Macias Continental  Crumrine LP,"AL, Hodges, 541 117","3205 Hodges St, Amarillo, Texas",Near-Duplicate Name / Brand Cousin
FALSE_MERGE (FP),S1-627144525,S2-12418968,Little Diner Center,Better Prerhion (Pineapple),"AL, Hodges, 541 117","1322 HODGES FARM WAY, SEVIEVILLE, TN",Near-Duplicate Name / Brand Cousin
FALSE_MERGE (FP),S1-627144525,S2-947716403,Little Diner Center,Group Great Strategic Emera,"AL, Hodges, 541 117","4512-4516 HODGES RUN LANE, TX, HUMBLE",Near-Duplicate Name / Brand Cousin
FALSE_MERGE (FP),S1-627144525,S3-782019250,Little Diner Center,Green  Cloud Worldwide Inc.,"AL, Hodges, 541 117","14118 Whitney Hodges Dr, Huntersville, North Carolina",Near-Duplicate Name / Brand Cousin
FALSE_MERGE (FP),S1-627144525,S3-192495901,Little Diner Center,YNP Wéllness LLC,"AL, Hodges, 541 117","Hodges St, Oriental, North Carolina",Near-Duplicate Name / Brand Cousin
FALSE_MERGE (FP),S1-627144525,S2-410750603,Little Diner Center,Anton Legacy Energetics,"AL, Hodges, 541 117","225 HODGES HEIGH DR, ALVORD, TX",Near-Duplicate Name / Brand Cousin
FALSE_MERGE (FP),S1-627144525,S3-11463434,Little Diner Center,Green-Textile Enterprises,"AL, Hodges, 541 117","8255 187, Hodges, Alabama",Near-Duplicate Name / Brand Cousin
FALSE_MERGE (FP),S1-627144525,S3-132987951,Little Diner Center,Macias Continental,"AL, Hodges, 541 117","3205 Hodges Street, Amarillo, TX",Near-Duplicate Name / Brand Cousin
MISSED_MATCH (FN),S1-681392030,S2-501358496,Care Institute of Technology,Care of Innsdtitute Technology,"West Bengal, Howrah, 229, Kolkata, Netaji Subhas Chandra Bose Road Vishnu Enclave, 3Rd Floor, Flat No.- 3A, Kolkata","NO. 423 229, NETAJI SUBHAS CHANDRA BOSE ROAD VISHNU ENCLAVE, 3RD FLOOR, FLAT NO.- 3A, KOLKATA, KOLKATA, West Bengal",Severe Name Abbreviation
MISSED_MATCH (FN),S1-681392030,S3-51004437,Care Institute of Technology,Care Institute of  (Technology),"West Bengal, Howrah, 229, Kolkata, Netaji Subhas Chandra Bose Road Vishnu Enclave, 3Rd Floor, Flat No.- 3A, Kolkata","229., Netaji Subhas Chandra Bose Road Vishnu Enclave, 3Rd Floor, Flat No.- 3A, Kolkata, Kolkata, WB",Severe Name Abbreviation
MISSED_MATCH (FN),S1-681392030,S3-476447318,Care Institute of Technology,Care Institute of,"West Bengal, Howrah, 229, Kolkata, Netaji Subhas Chandra Bose Road Vishnu Enclave, 3Rd Floor, Flat No.- 3A, Kolkata","Netaji Subhas Chandra Bose Road Vishnu Enclave, 3Rd Floor, Flat No.- 3A, Kolkata, Kolkata, 229., Kolkata, পশ্চিমবঙ্গ",Severe Name Abbreviation
MISSED_MATCH (FN),S1-681392030,S3-340243016,Care Institute of Technology,Care Institute óf Technology,"West Bengal, Howrah, 229, Kolkata, Netaji Subhas Chandra Bose Road Vishnu Enclave, 3Rd Floor, Flat No.- 3A, Kolkata","229., Kolkata, WB",Severe Name Abbreviation
FALSE_MERGE (FP),S1-492467148,S2-19065105,Cure Bike Shop,Ibby Mcfarland Series Lp,"1317 University City Boulevard, Unit APT 5, Blacksburg Town, VA","1317- MAIN AVE, WEST FARGO, ND",Near-Duplicate Name / Brand Cousin
FALSE_MERGE (FP),S1-492467148,S3-85987012,Cure Bike Shop,Piaao Inc,"1317 University City Boulevard, Unit APT 5, Blacksburg Town, VA","1317 Hastings St, Chicago, Illinois",Near-Duplicate Name / Brand Cousin
FALSE_MERGE (FP),S1-492467148,S3-410655747,Cure Bike Shop,Keloumbra,"1317 University City Boulevard, Unit APT 5, Blacksburg Town, VA","1317 Jefferson Boulevard, Fort Wayne, Indiana",Near-Duplicate Name / Brand Cousin
FALSE_MERGE (FP),S1-492467148,S3-611565511,Cure Bike Shop,"Mcfarland, Ibby Series LLC","1317 University City Boulevard, Unit APT 5, Blacksburg Town, VA","1317 Main Ave, West Fargo, North Dakota",Near-Duplicate Name / Brand Cousin
FALSE_MERGE (FP),S1-492467148,S2-95070886,Cure Bike Shop,CHADWICK &  GRAVES,"1317 University City Boulevard, Unit APT 5, Blacksburg Town, VA","1317 1/2 SUMMERSWEET LN, BARTLETT, IL",Near-Duplicate Name / Brand Cousin
FALSE_MERGE (FP),S1-492467148,S2-987500436,Cure Bike Shop,Highland Safe Studios Corporation,"1317 University City Boulevard, Unit APT 5, Blacksburg Town, VA","1317 GREEN RIDGE RD, NULL, WEATHERFORD, TX",Near-Duplicate Name / Brand Cousin
FALSE_MERGE (FP),S1-492467148,S2-869910782,Cure Bike Shop,Commission On Environmental Protection Northside,"1317 University City Boulevard, Unit APT 5, Blacksburg Town, VA","1317 STONEYCREEK DR, HENRICO, VA",Near-Duplicate Name / Brand Cousin
FALSE_MERGE (FP),S1-492467148,S3-814008111,Cure Bike Shop,"Duford, Anderson &","1317 University City Boulevard, Unit APT 5, Blacksburg Town, VA","1317 105th Rd, Yates Center, Kansas",Near-Duplicate Name / Brand Cousin
FALSE_MERGE (FP),S1-492467148,S3-360947259,Cure Bike Shop,Bethchurch.Com,"1317 University City Boulevard, Unit APT 5, Blacksburg Town, VA","1317 1/2 College Boulevard, Alva, Oklahoma",Near-Duplicate Name / Brand Cousin
FALSE_MERGE (FP),S1-492467148,S3-358982885,Cure Bike Shop,Corp The Mcclung-and Ryan Generation,"1317 University City Boulevard, Unit APT 5, Blacksburg Town, VA","1317. Oakwood Ave, Richmond City, Virginia",Near-Duplicate Name / Brand Cousin
FALSE_MERGE (FP),S1-492467148,S3-827924570,Cure Bike Shop,Monarch Co,"1317 University City Boulevard, Unit APT 5, Blacksburg Town, VA","1317 Providence Pl, Orage CITY, Iowa",Near-Duplicate Name / Brand Cousin
FALSE_MERGE (FP),S1-492467148,S3-705851288,Cure Bike Shop,Beth Church,"1317 University City Boulevard, Unit APT 5, Blacksburg Town, VA","1317 1/2 Cllege Boulevard, Alva, Oklahoma",Near-Duplicate Name / Brand Cousin
FALSE_MERGE (FP),S1-492467148,S2-361879034,Cure Bike Shop,HX Dynamic-Center Dynamic-Center - 4206168740,"1317 University City Boulevard, Unit APT 5, Blacksburg Town, VA","1317 TRICK AVE, FORT WAYNE, IN",Near-Duplicate Name / Brand Cousin
FALSE_MERGE (FP),S1-492467148,S2-331459198,Cure Bike Shop,HG Crane,"1317 University City Boulevard, Unit APT 5, Blacksburg Town, VA","1317 ESTELLA STREET, IA, PERRY",Near-Duplicate Name / Brand Cousin
FALSE_MERGE (FP),S1-492467148,S2-52736780,Cure Bike Shop,2408 JEFFERSON WAY [PROPERTIES],"1317 University City Boulevard, Unit APT 5, Blacksburg Town, VA","1317 WENTWORTH ROAD, WINSTON-SALEM, NC",Near-Duplicate Name / Brand Cousin
FALSE_MERGE (FP),S1-492467148,S3-607868996,Cure Bike Shop,Family Specialists Eastgate Inc,"1317 University City Boulevard, Unit APT 5, Blacksburg Town, VA","1317 Lakeside Dr, Texas, Eagle Lake",Near-Duplicate Name / Brand Cousin
